item_id,mean_error
812,2.8310604095458984
1552,2.4286314249038696
1498,2.2129907608032227
1491,2.1730666160583496
1492,2.171855926513672
1187,2.1199498971303306
1465,2.107399821281433
1329,2.093446969985962
1619,2.053921937942505
1591,2.0043773651123047
