user_id,mean_error
37,1.3986455059926444
417,1.3539506196975708
470,1.3400961637496949
218,1.3282128727954368
178,1.3216060101985931
126,1.3128108111294834
761,1.308653387758467
738,1.3020557948521205
228,1.2680320607291327
530,1.2667799081121172
