review_count,mean_error
1,0.8397733684796006
2,0.9086382528404137
3,0.8663911903408211
4,0.9110541706735438
5,0.8711368201071756
6,0.9204776661736624
7,0.7970175743103027
8,0.7595074672151256
9,0.8529674662484064
10,0.8745426194087879
