user_id,mean_error
572,0.3656603856520219
643,0.3870417897294207
848,0.3889781128276478
9,0.4102390611956933
551,0.4149742790415317
134,0.41804571946461994
354,0.430008331934611
828,0.4316682322271939
539,0.43560522907185106
375,0.4370502233505249
