item_id,mean_error
1593,0.004132509231567383
1549,0.01893305778503418
1604,0.06307399272918701
1670,0.10913962125778198
1474,0.13383901119232178
1475,0.13627314567565918
1601,0.17643117904663086
1541,0.17858028411865234
1463,0.21471762657165527
1517,0.2200603485107422
